<?xml version="1.0" encoding="UTF-8"?>
<beans xmlns="http://www.springframework.org/schema/beans"
       xmlns:xsi="http://www.w3.org/2001/XMLSchema-instance"
       xsi:schemaLocation="http://www.springframework.org/schema/beans http://www.springframework.org/schema/beans/spring-beans.xsd">

    <bean id="date" class="bean.DateFactoryBean">
        <constructor-arg index="0" value="1980-10-11"/>
    </bean>


    <!--只能获取系统当时时间-->
    <bean id="nowTime" class="java.util.Date"/>

    <bean id="student" class="bean.Student">
        <property name="birth" ref="nowTime"/>
    </bean>

    <bean id="sb" class="bean.bean"></bean>

    <!--Spring提供的实例化方式，根据简单工厂模式。告诉Spring框架调用哪个类的哪个方法-->
    <bean id="bs" class="bean.StarFactory" factory-method="get"/>

    <!--Spring提供的实例化方式。factory-bean属性喝factory-method共同完成-->
    <bean id="gunFactory" class="bean.GunFactory"/>
    <bean id="gun" factory-bean="gunFactory" factory-method="get"/>
</beans>