<?xml version="1.0" encoding="UTF-8" ?>
<!DOCTYPE mapper
        PUBLIC "-//mybatis.org//DTD Mapper 3.0//EN"
        "http://mybatis.org/dtd/mybatis-3-mapper.dtd">
<mapper namespace="bank.mapper.AccountMapper">
    <insert id="insert">
        insert into t_act values (#{actno},#{password},#{balance})
    </insert>


    <delete id="deleteByActno">
        delete from t_act where actno = #{actno}
    </delete>

    <select id="selectByActno" resultType="bank.pojo.Account">
        select *
        from t_act
        where actno = #{actno}
    </select>

    <select id="selectAll" resultType="bank.pojo.Account">
        select *
        from t_act
    </select>

    <select id="selectPasswordByActno" resultType="java.lang.String">
        select password
        from t_act
        where actno = #{actno}
    </select>

    <update id="update">
        update t_act set balance = #{balance} where actno = #{actno}
    </update>

</mapper>
