<?xml version="1.0" encoding="UTF-8"?>
<!--文件由使用者提供-->
<bean>
    <bean id="user" class="com.powernode.myspring.bean.User">
        <property name="name" value="张三"></property>
        <property name="age" value="30"></property>
    </bean>

    <bean id="userService" class="com.powernode.myspring.bean.UserService">
        <property name="userDao" ref="userDaoBean"></property>
    </bean>

    <bean id="userDaoBean" class="com.powernode.myspring.bean.UserDao"></bean>
</bean>