<?xml version="1.0" encoding="UTF-8"?>
<beans xmlns="http://www.springframework.org/schema/beans"
       xmlns:xsi="http://www.w3.org/2001/XMLSchema-instance"
       xsi:schemaLocation="http://www.springframework.org/schema/beans http://www.springframework.org/schema/beans/spring-beans.xsd">

    <bean id="h" scope="singleton" class="bean.Husband">
        <constructor-arg index="0" value="张三"/>
        <constructor-arg index="1" ref="w"/>
    </bean>

    <bean id="w" scope="singleton" class="bean.Wife">
        <constructor-arg index="0" value="小花"/>
        <constructor-arg index="1" ref="h"/>
    </bean>
</beans>