<?xml version="1.0" encoding="UTF-8"?>
<beans xmlns="http://www.springframework.org/schema/beans"
       xmlns:xsi="http://www.w3.org/2001/XMLSchema-instance"
       xsi:schemaLocation="http://www.springframework.org/schema/beans http://www.springframework.org/schema/beans/spring-beans.xsd">

    <bean id="husbandBean" class="bean.Wife"  scope="singleton">
        <property name="name" value="张三"/>
        <property name="husband" ref="wifeBean"/>
    </bean>
    <bean id="wifeBean" class="bean.Husband" scope="singleton">
        <property name="name" value="小花"/>
        <property name="wife" ref="husbandBean"/>
    </bean>

</beans>